www.12-squared.com,http://www.12-squared.com,Success,
www.1650wealth.com,http://www.1650wealth.com,Success,
www.1650wealth.com,http://www.1650wealth.com/who-we-are/story/,Success,
www.1650wealth.com,http://www.1650wealth.com/who-we-are/our-team/,Success,
www.1650wealth.com,http://www.1650wealth.com/#,Success,
www.1650wealth.com,http://www.1650wealth.com/contact-us/our-offices/,Success,
www.1650wealth.com,http://www.1650wealth.com/contact-us/complimentary-consultation/,Success,
www.1650wealth.com,http://www.1650wealth.com/who-we-are/story,Success,
www.1650wealth.com,http://www.1650wealth.com/why-are-we-different/why-1650-wealth//,Success,
www.1650wealth.com,http://letsmakeaplan.org/choose-a-cfp-professional/why-cfp-certification-matters,Success,
www.1650wealth.com,http://www.fpanet.org/WhatisFinancialPlanning/WhyaCFPProfessional/,Success,
www.3rdcreek.com,http://www.3rdcreek.com,Success,
www.3rdcreek.com,http://www.3rdcreek.com/3rdcreekinvestments/,Success,
www.3rdcreek.com,http://www.3rdcreek.com/investments-management-team/,Success,
www.3rdcreek.com,http://www.3rdcreek.com/3rdcreekaccounting/,Success,
www.3rdcreek.com,http://www.3rdcreek.com/accounting-team/,Success,
www.3rdcreek.com,http://www.3rdcreek.com/3rdcreekventures/,Success,
www.3rdcreek.com,http://www.3rdcreek.com/contact/,Success,
www.3dwealthadvisors.com,http://www.3dwealthadvisors.com,Success,
www.3dwealthadvisors.com,https://3dwealthadvisors.com/meet-our-team-of-experts/,Success,
www.3dwealthadvisors.com,https://3dwealthadvisors.com/our-story/,Success,
www.3dwealthadvisors.com,https://3dwealthadvisors.com/contact-us/,Success,
www.1650wealth.com,http://www.1650wealth.com,Success,
www.1650wealth.com,http://www.1650wealth.com/who-we-are/story/,Success,
www.1650wealth.com,http://www.1650wealth.com/who-we-are/our-team/,Success,
www.1650wealth.com,http://www.1650wealth.com/#,Success,
www.1650wealth.com,http://www.1650wealth.com/contact-us/our-offices/,Success,
www.1650wealth.com,http://www.1650wealth.com/contact-us/complimentary-consultation/,Success,
www.1650wealth.com,http://www.1650wealth.com/who-we-are/story,Success,
www.1650wealth.com,http://www.1650wealth.com/why-are-we-different/why-1650-wealth//,Success,
www.1650wealth.com,http://letsmakeaplan.org/choose-a-cfp-professional/why-cfp-certification-matters,Success,
www.1650wealth.com,http://www.fpanet.org/WhatisFinancialPlanning/WhyaCFPProfessional/,Success,
www.1776wealth.com,http://www.1776wealth.com,Success,
www.1776wealth.com,http://www.1776wealth.com/about-us,Success,
www.1776wealth.com,http://www.1776wealth.com/about-us/bio?_=sean,Success,
www.1776wealth.com,http://www.1776wealth.com/about-us/bio?_=deanna,Success,
www.1776wealth.com,http://www.1776wealth.com/about-us/what-makes-us-different,Success,
www.1776wealth.com,http://www.1776wealth.com/contact,Success,
www.1776wealth.com,https://clientaccess.rjf.com/FAQ,Fail,<urlopen error [SSL: CERTIFICATE_VERIFY_FAILED] certificate verify failed (_ssl.c:833)>
www.3rdstreetcap.com,http://www.3rdstreetcap.com,Success,
www.3rdstreetcap.com,http://www.3rdstreetcap.com/about/why-choose-us.html,Success,
www.3rdstreetcap.com,http://www.3rdstreetcap.com/about/meet-the-team.html,Success,
www.3rdstreetcap.com,http://www.3rdstreetcap.com/about/our-process.html,Fail,HTTP Error 502: Server Hangup
www.3rdstreetcap.com,http://www.3rdstreetcap.com/about/our-clients.html,Success,
www.3rdstreetcap.com,http://www.3rdstreetcap.com/contact.html,Success,
www.atfinancial-edu.com,http://www.atfinancial-edu.com,Success,
www.atfinancial-edu.com,http://www.atfinancial-edu.com/about/,Success,
www.atfinancial-edu.com,http://www.atfinancial-edu.com/contact/,Success,
www.1northwealthservices.com,http://www.1northwealthservices.com,Success,
www.1northwealthservices.com,https://1northwealthservices.com/1-north-wealth-team/,Success,
www.1northwealthservices.com,https://1northwealthservices.com/contact-1-north-wealth/,Success,
